instruction,response
"
You are a professional tech reviewer.

You must write the review using ONLY the information explicitly contained in the user review excerpts below.
Do NOT add features, specifications, platform names, or capabilities that are not directly mentioned.
If something is not clearly stated in the excerpts, do not invent it.
Do not use outside knowledge about the product.

User review excerpts:
I replaced my cat's x-large litter box to this smaller sized litter box... It's easy to clean and takes less kitty litter to fill it which I like Great price, good value!

Write a structured product review with the following exact sections and nothing else:

Product name: Cat Litter Box Covered Tray Kitten Extra Large Enclosed Hooded Hidden Toilet
User score (0-10 scale): 9.8
Rank in its category: 1 (1 = best position)
Brand: Amazonbasics
Category: accessories and chargers

Headline
- One single sentence summarizing the most common opinion in the reviews.

Product summary
- 2–3 sentences summarizing the overall user perception.

Key features
- 2–5 bullet points.
- Each feature must be clearly supported by information from the excerpts.
- Explain briefly why each feature matters to users.

Pros
- 2–3 bullet points.
- Must reflect explicitly positive comments found in the excerpts.

Cons
- 2–3 bullet points.
- Must reflect explicitly negative comments found in the excerpts.
- If the score is high, keep cons balanced but realistic.

Do not add any extra sections.
Do not add a concluding paragraph.
Return only the structured review.
","Product review:

Headline:
Satisfied cat owner praises easy-to-clean and cost-effective smaller litter box.

Product summary:
The Amazonbasics Cat Litter Box Covered Tray Kitten Extra Large Enclosed Hooded Hidden Toilet receives a near-perfect score from cat owners for its ease of cleaning and cost savings.

Key features:
- Compact design: The smaller size of the litter box makes it easier to clean and requires less litter to fill it.
- Hooded design: The covered hood helps contain odors and maintain a clean appearance.
- Affordable price: The litter box offers good value for its price.

Pros:
- Easy to clean: The smaller size and covered hood make cleaning a simpler and less time-consuming task.
- Cost-effective: The reduced amount of litter needed and the affordable price make it a worthwhile investment for cat owners.

Cons:
- Size: Some users may find the smaller size less suitable for their cat's needs.
- Assembly: A few users mentioned having difficulty assembling the litter box."
"
You are a professional tech reviewer.

You must write the review using ONLY the information explicitly contained in the user review excerpts below.
Do NOT add features, specifications, platform names, or capabilities that are not directly mentioned.
If something is not clearly stated in the excerpts, do not invent it.
Do not use outside knowledge about the product.

User review excerpts:
I bought it for my grandson‚Äôs birthday... he loves it;) This was a gift for my mother and she absolutely loves this thing We have one in every room and it's nice that we can ask to play music in all the devices. She has a hard time understanding Spanish words and sometimes we've noticed that she replies from other rooms (not the one we are in). Overall a good buy to help you at home or office

Write a structured product review with the following exact sections and nothing else:

Product name: Amazon Echo (2nd Generation) Smart Assistant Oak Finish Priority Shipping
User score (0-10 scale): 9.8
Rank in its category: 1 (1 = best position)
Brand: Amazon
Category: smart speakers

Headline
- One single sentence summarizing the most common opinion in the reviews.

Product summary
- 2–3 sentences summarizing the overall user perception.

Key features
- 2–5 bullet points.
- Each feature must be clearly supported by information from the excerpts.
- Explain briefly why each feature matters to users.

Pros
- 2–3 bullet points.
- Must reflect explicitly positive comments found in the excerpts.

Cons
- 2–3 bullet points.
- Must reflect explicitly negative comments found in the excerpts.
- If the score is high, keep cons balanced but realistic.

Do not add any extra sections.
Do not add a concluding paragraph.
Return only the structured review.
","Product name: Amazon Echo (2nd Generation) Smart Assistant Oak Finish Priority Shipping
User score (0-10 scale): 9.8
Rank in its category: 1

Headline
Grandparents and multiple users enjoy the convenience of Amazon Echo for music and assistance.

Product summary
The Amazon Echo (2nd Generation) Smart Assistant Oak Finish is a popular choice among users for its ability to play music and provide assistance in multiple rooms. It is particularly appreciated by grandparents and older users.

Key features
- Multi-room compatibility: Users can ask to play music on multiple devices located in different rooms.
- Easy-to-use interface: The device is user-friendly and easy to operate, even for older users.
- Spanish language support: The device can understand and respond to Spanish commands, which is helpful for users with language barriers.

Pros
- Convenient for playing music in multiple rooms.
- Easy to use for older users.
- Supports Spanish language.

Cons
- Occasional miscommunication: Users have reported instances where the device responds from the wrong room.
- Limited to specific tasks: The device is primarily used for music and assistance, and may not be suitable for more complex tasks."
"
You are a professional tech reviewer.

You must write the review using ONLY the information explicitly contained in the user review excerpts below.
Do NOT add features, specifications, platform names, or capabilities that are not directly mentioned.
If something is not clearly stated in the excerpts, do not invent it.
Do not use outside knowledge about the product.

User review excerpts:
I bought one of the first Macs in the 80s. I've had 'too many to count since then.' I am an early adopter, by nature. This has been true of Amazon's Kindle product as well having owned the First Generation Kindle, K2, K3 and now the K Touch. Love the reader. And I love this case as well. I hear all of these complaints that this leather case looks cheap or doesn't have a closure, or it's too slippery. PLEASE. I find it to be a PERFECT fit for the Kindle Touch. The unit snaps in a la DoDo Case -- which is such a great product for iPad. Very similar design only on a much smaller scale, obviously. The leather is not an issue for me. I do NOT find it to be too slippery at all unless, perhaps, your hands are covered in oil This is a first class cover for a first class e-reader. And NO. I do not work for Amazon. I'm just a HUGE Kindle fan. Overall it's a nice looking cover and does it's job well. It's simple, elegant and slick. When I say slick, I don't necessarily mean cleverly devised, I mean slippery. The smooth leather provides next to no grip on the cover. I have a tendency to hold things lightly, so I can just imagine this repeatedly slipping out of my hand. Sure it doesn't have a band/clasp/etc to keep it closed, but neither did Kindle 2's cover, and neither does nearly every book ever published.It's too expensive. I don't understand why Amazon is charging so much considering they'll be offering another cover with additional functionality for half the price (AmazonBasics Leather Folio Cover with Multi-Angle Adjustable Stand for Kindle Touch, Kindle (Black)). What the heckPros:PrettyFunctionalCons:SlipperyExpensive So in reading the reviews before I got this cover I was quite worried... lots of people reported it feeling cheap, flimsy, overpriced etc. I was so concerned in fact I tried to cancel my order. I'm glad I wasn't able to.It is perhaps not what people expect- the leather is not soft, but is rather pressed and almost polished. However, this cover does NOT feel cheap to me. It is stylish, super light, and fits the kindle without those annoying elastic loops or hooks on the corners. It fits within a rubberized groove on the cover, which not only gives it a very tight and secure fit, it also adds protection to the corners of the device and cover. It also feels quite secure in the hand.So, to sum up: Light, secure, well made and unobtrusive. The 40 price tag could be debated, but I actually don't find it to be overpriced. I'm quite happy with it! I don't want to get too negative on this, because it does what it's supposed to. However, I'm not sure how Amazon justifies charging 40! Half that and I'd feel a lot less disappointed. It's nothing like the last generation cover, which was hefty and substantial. That thing could take a beating! This one Umm...not so much.PROS:- I really like the solution Amazon came up with to lock the Kindle in place sort of a rubberized cup that grips it on all four sides and holds it VERY securely. No more metal-prong slide-release gizmo.- It looks quite nice and is genuine (if untextured) leather like the last one.CONS:- Flimsy. The leather is extremely thin and unpadded. Won't stand up to much abuse. scrape it even lightly on a rough surface and you'll likely ruin it.- The actual cover that folds over the front is incredibly floppy and delicate -- it's about the thickness of a piece of notepad cardboard. I could bend it in half with almost no effort, if I had the notion.- Cover has no lock/closure mechanism (like the elastic strap on the last gen model). It should have SOMETHING.Oh, well. It is what it is. I never read with the Kindle in the case anyway so it's not such a big deal to me, but I was expecting more. Especially for this price! The Touch cover from Amazon has some good and some bad properties.On the good side, it's very light: at 4 oz it is noticeably lighter than the previous generation of covers. My Kindle Touch fits in very snugly with no wasted space.On the negative side, it lo

Write a structured product review with the following exact sections and nothing else:

Product name: Fire Kids Edition Tablet, 7 Display, Wi-Fi, 16 GB, Green Kid-Proof Case
User score (0-10 scale): 4.5
Rank in its category: 39 (1 = best position)
Brand: Amazon
Category: tablets

Headline
- One single sentence summarizing the most common opinion in the reviews.

Product summary
- 2–3 sentences summarizing the overall user perception.

Key features
- 2–5 bullet points.
- Each feature must be clearly supported by information from the excerpts.
- Explain briefly why each feature matters to users.

Pros
- 2–3 bullet points.
- Must reflect explicitly positive comments found in the excerpts.

Cons
- 2–3 bullet points.
- Must reflect explicitly negative comments found in the excerpts.
- If the score is high, keep cons balanced but realistic.

Do not add any extra sections.
Do not add a concluding paragraph.
Return only the structured review.
","Headline:
This cover is a perfect fit for the Kindle Touch, despite some concerns over its slipperiness and high price tag.

Product summary:
The Amazon Kindle Touch Leather Cover is a popular accessory for the e-reader, with many users praising its fit and design, while expressing some reservations about its slipperiness and cost.

Key features:
- Custom-fit design: The cover snaps onto the Kindle Touch securely, providing a snug and protective fit.
- Leather material: The cover is made of genuine leather, giving it a premium look and feel.
- No closure mechanism: The cover does not have a closure mechanism, relying instead on the fit to keep the Kindle secure.
- Lightweight and portable: The cover is lightweight and easy to carry around, making it a convenient accessory for avid readers.

Pros:
- Secure fit: Users appreciate the tight and secure fit of the cover on the Kindle Touch.
- Premium look and feel: The leather material adds a touch of elegance to the e-reader.
- Lightweight and portable: The cover's light weight and compact size make it easy to carry around.

Cons:
- Slippery surface: Some users find the cover to be too slippery, which could be a concern for those with oily hands.
- High price tag: The cover is more expensive than some alternative options, leading some users to question its value."
"
You are a professional tech reviewer.

You must write the review using ONLY the information explicitly contained in the user review excerpts below.
Do NOT add features, specifications, platform names, or capabilities that are not directly mentioned.
If something is not clearly stated in the excerpts, do not invent it.
Do not use outside knowledge about the product.

User review excerpts:
Great case to keep everything in its place! My husband love it!!!! Holds a lot of cds! After discarding and getting rid of broken cd cases, broken cds, and selecting those ones we really like, this binder turned up to be an excellent option to store our favourite cds and dvds and keep them in a small space at our living room, giving us the choice to donate or get rid of those cds towers that took a lot of room, despite looking nice. And because you can turn the pages, you can spot the cd you want to play without the hassle of taking it from a case that is falling apart. After storing them cds, all the cases and printed covers went straight to the recycling centre. We have a small version to put those cds my husband would like to listen to whenever he must drive away for work. A few dollars more, but I am boycotting amazon My initial impression of this was very good. The material is nicer than the shiny stuff on my Hama CD binders and the netting trim gives a nice appearance compared to plain look of most budget CD binders.There are 50 pages with 8 disc pockets each (4 per side) giving a total of 400 capacity. The pages are hung from the spine in two groups of 25. By that I mean that 25 pages all have a single attachment point to the plastic spine.This is where the first problem with this binder lies. Because each group of 25 pages shares the same anchor point in the spine, the pages cannot sit flat once full of discs. They bend and arch, and apart from looking tatty this puts a lot of tension across the plastic film. With long-term usage I suspect this plastic film will will tear due to the tension. It also makes it awkward to browse the binder as the pages don't sit flat. It may even crack or bend your discs.I look to my Hama 120 binder to see how it *should* be done - it only has 30 pages and yet they were smart enough to hang them from the spine in 3 bundles of 10. This spreads out the pages and allows easy browsing of the binder without putting any of the pockets under tension.After just 2 weeks in storage I opened the binder and the corners of all the pages have become dog-eared by themselves. This is due to the poor design and poor fit of the binder pages when filled with discs. Again, it is not a problem I have seen with my other disc binders, my two-year-old Hama binders look as good as new.Overally this binder has a lot of storage at a good price. If that's all you want you will probably be happy with the product. But sloppy design prevents it from being anything more than a mediocre binder. I feel that whoever designed this did not bother to fill it with discs to see how it would cope.

Write a structured product review with the following exact sections and nothing else:

Product name: AmazonBasics Nylon CD/DVD Binder (400 Capacity)
User score (0-10 scale): 4.9
Rank in its category: 17 (1 = best position)
Brand: Amazonbasics
Category: smart speakers

Headline
- One single sentence summarizing the most common opinion in the reviews.

Product summary
- 2–3 sentences summarizing the overall user perception.

Key features
- 2–5 bullet points.
- Each feature must be clearly supported by information from the excerpts.
- Explain briefly why each feature matters to users.

Pros
- 2–3 bullet points.
- Must reflect explicitly positive comments found in the excerpts.

Cons
- 2–3 bullet points.
- Must reflect explicitly negative comments found in the excerpts.
- If the score is high, keep cons balanced but realistic.

Do not add any extra sections.
Do not add a concluding paragraph.
Return only the structured review.
","Product name: AmazonBasics Nylon CD/DVD Binder (400 Capacity)
User score (0-10 scale): 4.9
Rank in its category: 17

Headline
This binder offers a large storage capacity for CDs and DVDs while keeping them organized and easily accessible.

Product summary
Users praise this binder for its ability to hold a large number of discs, as well as its attractive appearance and compact size. However, some users have reported issues with the pages not sitting flat and the plastic film potentially tearing over time.

Key features
- Holds up to 400 discs
- Nylon material and netting trim for a stylish look
- Turnable pages for easy disc selection

Pros
- Provides ample storage for a collection of CDs and DVDs
- Attractive design with nylon material and netting trim
- Allows for easy disc selection with turnable pages

Cons
- Pages do not sit flat when full, causing tension on the plastic film and potentially damaging discs
- Long-term usage may result in torn plastic film due to the tension caused by the page design
- Corners of pages become dog-eared after only a few weeks of use"
"
You are a professional tech reviewer.

You must write the review using ONLY the information explicitly contained in the user review excerpts below.
Do NOT add features, specifications, platform names, or capabilities that are not directly mentioned.
If something is not clearly stated in the excerpts, do not invent it.
Do not use outside knowledge about the product.

User review excerpts:
The Kindle is my first e-ink reader. I own an iPad, an iPhone, and have owned a Windows-based phone in the past that I used as an ereader.My overall impression of the device is good.The good:I'd honestly rather read linear (read from page one to the end, one page at a time) fiction from it than a book, because I can't always get comfortable with a book. Hardcovers are sometimes a bit heavy, and paperbacks don't always lie open easily. The Kindle is incredibly light and thin. I can hold it in one hand easily. The page turn buttons are conveniently located. Page-turns aren't instant, but they're probably quicker than turning a physical page in a printed book (there are just a lot more page-turns unless you choose a small font). The contrast is better than other ereaders I've seen. There is zero eye strain in good light. My eyesight isn't the greatest and I like being able to increase the font size and read without glasses. I love being able to browse the Kindle store and read samples before deciding to purchase. The experimental browser is surprisingly usable, but isn't great. It is useful for browsing wikipedia and blogs. The biggest drawback to the browser is the awkward pointer navigation, using the 5-way pad. It syncs your furthest read page over the internet so you can pick up where you left off using your iPhone or iPad.The so-so:The kindle store could use more categories and sorting options. You can't sort by top rated, and there is no category for alternate histories, for example. Finding a very-specific type of fiction relies on keyword searches, which don't do a great job. The wifi sometimes doesn't connect before it times-out.Read more I'm a first-time Kindle owner, so I have nothing to compare the latest Kindle to. I don't own a Nook. I don't own an iPad (and, in any case, that's comparing apples to oranges). I don't have a Sony e-reader. 'This will be a short, simple review.I received my Kindle about a week ago and haven't been able to put it down.Things I like about my Kindle1. The e-ink display is amazing.2. Using the 5-way controller is simple and effective.3. Page turn speeds are faster than I thought they would be.4. It's lightweight, even with the attached cover (I have an Amazon cover with a built-in light)5. Page-turning buttons are quiet and well-placed.6. Recharge time is fast.7. I can order a book and start reading it in less than 60 seconds. Nice!8. Portability... I can take 3,000 books with me when I travel for work and not require additional suitcases or baggage fees.Things I'm not too keen on1. Buttons are too close together and are laid out oddly.2. Lack of individual number buttons is frustrating.3. Power button on the bottom Not a bad thing. Just an odd thing. (Same for the headphone input). I usually rest the bottom of a book on my lap when I read.Things I hope change in the future1. How books are organized... When I put a book in a collection (which is actually a tag), it still appears in the main list. It's not actually moved, it's merely associated.2. The look of the main screen. I'd like folders or some other way to display collections.3. Ability to create personal screen savers.4. E-book pricing, though Amazon has little control over this.Read more UPDATE NOVEMBER 2011:My review is now over a year old, as is the Kindle Keyboard as Amazon calls it now. There are newer models: the basic, cheapie Kindle and the Kindle Touch, and of course the Kindle Fire quasi-tablet.Each of these models is an excellent choice. Whichever one is right for you just depends on your preferences.The 3 e-ink Kindles are Kindle Keyboard (this one), Kindle Touch (the newest flagship model), and the basic Kindle. All 3 of them have EXACTLY THE SAME 6 DISPLAY, with the same sharp typeface and high contrast that reads like ink on paper with no eyestrain. The Kindle Keyboard is the oldest of these models, and I got one of the first ones when they came out in August 2010.I still absolutely LOVE my Kindle Keyboard and use it 

Write a structured product review with the following exact sections and nothing else:

Product name: Kindle Keyboard,,,
Kindle Keyboard,,,
User score (0-10 scale): 7.3
Rank in its category: 15 (1 = best position)
Brand: Amazon
Category: accessories and chargers

Headline
- One single sentence summarizing the most common opinion in the reviews.

Product summary
- 2–3 sentences summarizing the overall user perception.

Key features
- 2–5 bullet points.
- Each feature must be clearly supported by information from the excerpts.
- Explain briefly why each feature matters to users.

Pros
- 2–3 bullet points.
- Must reflect explicitly positive comments found in the excerpts.

Cons
- 2–3 bullet points.
- Must reflect explicitly negative comments found in the excerpts.
- If the score is high, keep cons balanced but realistic.

Do not add any extra sections.
Do not add a concluding paragraph.
Return only the structured review.
","Product name: Kindle Keyboard,

Headline:
The Kindle Keyboard is a preferred e-reader for those who enjoy reading fiction linearly and value portability and ease of use.

Product summary:
The Kindle Keyboard is a popular e-reader that offers a high-contrast e-ink display, convenient page turn buttons, and the ability to purchase and read books instantly from the Kindle Store. Users appreciate its lightweight design, which makes it easy to hold in one hand and read without glasses, and its fast page turn speeds.

Key features:
- High-contrast e-ink display: Users report that the Kindle Keyboard's display is amazing and reads like ink on paper with no eyestrain.
- Convenient page turn buttons: The page turn buttons are quiet, well-placed, and make turning pages faster than in a physical book.
- Instant book purchasing and reading: Users can order a book and start reading it in less than 60 seconds through the Kindle Store.

Pros:
- Lightweight and portable: The Kindle Keyboard is incredibly light and thin, making it easy to take with you when traveling.
- Long battery life: Users report that the recharge time is fast and that they can take 3,000 books with them without requiring additional suitcases or baggage fees.
- Easy-to-use interface: The 5-way controller is simple and effective, and the page turn speeds are faster than expected.

Cons:
- Button layout: Some users find the buttons to be too close together and oddly laid out.
- Lack of individual number buttons: The lack of individual number buttons can be frustrating for some users.
- Limited organization options: Users would like to see improvements in how books are organized and displayed on the main screen.

User score (0-10 scale): 7.3

Rank in its category: 15 (1 = best position)

Brand: Amazon

Category: accessories and chargers"
"
You are a professional tech reviewer.

You must write the review using ONLY the information explicitly contained in the user review excerpts below.
Do NOT add features, specifications, platform names, or capabilities that are not directly mentioned.
If something is not clearly stated in the excerpts, do not invent it.
Do not use outside knowledge about the product.

User review excerpts:
excellent gift, ok sound, great portability, would buy again The echo is easy to use and fun to use once you buy one you'll want them for all over your house. The Amazon Echo Tap is a nice & interesting device...but it did not fit my needs. I also have the Amazon Echo and absolutely love it. So what's the difference? A. You have to walk up the the Tap to touch it - this is not as convenient and not as fun as the talking to the Echo from across the room. B. The audio quality not very good - more like a small bluetooth speaker. C. The Tap is fine around the house when it's connected to the home wi-fi, but when you are out of the house it must connect to your cell phone or other wi-fi?? That is not going to work very well. Enjoying my Tap, asking Alexa questions, and the small form factor makes it easy to take along while traveling. Decent battery life and sound for such a small speaker. Only reason I didn't give 5 stars, was the difficulty in connecting the Tap to public wifi's such as hotels, in my situation...takes some effort. As a bluetooth speaker, the Tap rocks! The sound quality is excellent, plenty loud when needed, and excellent quality with no stutters in streaming. I bought this one instead of the Echo because it is portable, and I can lug it from room to room. The charging stand is very convenient, and the Tap stays there most of the time. Having to press the button to activate each of the voice commands is not an issue for me, but is something to consider. (If you want hands free use, you may want the big brother Echo device, which is hands free, but tethered in place by a power cord, so not portable). The feel of the Tap with the black fabric cover is nice, and will not slip out of your hand. The fabric is like tough upholstery cover, so it won't stain or be easy to damage, but is quite attractive. I am glad they did that, as bare plastic would be easy to drop. I found it easy to pair with bluetooth and wireless, and it works as advertised! I mostly just use it for playing music and asking Alexa silly questions for fun! I occasionally use it for shopping lists, which shows up on my phone, and checking the weather. Who knows what the future holds,when I have time to sit down and really learn all that it can do? I understand that Amazon plans to add more Alexa skills all the time, and if one got into smart house control with compatible products, the Tap would eliminate all remotes, which I already have too many of. I think it is a really fun, cool item, and I am glad I got it! It is so much fun to use voice commands instead of typing, especially the tiny smart phone typing ! I could get used to this! I have the Alexa app on my phone, which allows certain voice commands to show up on my phone, like shopping lists, to do lists, calendar. The Tap can also check traffic, weather, movies, etc directly through Wi Fi, no phone needed. However, the Alexa phone app actually helps you figure out what you can do with the Tap. The Tap can read Audible and some kindle ebooks to you as well! BTW, I haven't had any problems having it understand me, which is amazing, since I grew up in Texas and expected a problem with my accent. Obviously, this item is ideal for people who are Amazon Prime members, so you can stream Prime Music, although it also streams Pandora and other music services, and does many things without any connection to Amazon. I guess the most unique thing about the Tap is its ability to stream wi fi music directly, without a computer or phone driving it - that and the voice control. I have paid more for smaller ""just"" bluetooth speakers, so to me, this was a super deal, and continues to be a source of fun and entertainment! If you have an Amazon Echo already then you know what a great gadget it is. This is Echo in baby size and portable. The newer version can be ""woken up"" with your voice like its big sister or you can program it to only respond when you push the mike button. It had all the features of Echo and excel

Write a structured product review with the following exact sections and nothing else:

Product name: Amazon Tap - Alexa-Enabled Portable Bluetooth Speaker
User score (0-10 scale): 8.5
Rank in its category: 10 (1 = best position)
Brand: Amazon Echo
Category: smart speakers

Headline
- One single sentence summarizing the most common opinion in the reviews.

Product summary
- 2–3 sentences summarizing the overall user perception.

Key features
- 2–5 bullet points.
- Each feature must be clearly supported by information from the excerpts.
- Explain briefly why each feature matters to users.

Pros
- 2–3 bullet points.
- Must reflect explicitly positive comments found in the excerpts.

Cons
- 2–3 bullet points.
- Must reflect explicitly negative comments found in the excerpts.
- If the score is high, keep cons balanced but realistic.

Do not add any extra sections.
Do not add a concluding paragraph.
Return only the structured review.
","Product name: Amazon Tap - Alexa-Enabled Portable Bluetooth Speaker
User score (0-10 scale): 8.5
Rank in its category: 10

Headline
The Amazon Tap is a portable, Alexa-enabled Bluetooth speaker that offers excellent sound quality and great portability.

Product summary
Users praise the Amazon Tap for its ease of use, fun factor, and portability. The Tap is a smaller version of the Amazon Echo, offering many of the same features in a more compact design.

Key features
- Alexa voice control: Users can ask Alexa questions, play music, and control smart home devices using voice commands.
- Portability: The Tap is lightweight and battery-powered, making it easy to take along while traveling.
- Bluetooth connectivity: Users can connect the Tap to their devices wirelessly and stream music or other audio content.
- Fabric cover: The Tap has a black fabric cover that is attractive, durable, and easy to grip.

Pros
- Excellent sound quality: Users find the Tap's sound quality to be excellent, especially when used as a Bluetooth speaker.
- Convenient charging stand: The Tap comes with a convenient charging stand that keeps it charged and stable when not in use.
- Fun to use: Users enjoy using voice commands instead of typing and find the Tap to be a fun and entertaining device.

Cons
- Difficulty connecting to public Wi-Fi: Some users have reported difficulty connecting the Tap to public Wi-Fi networks, such as those in hotels.
- Limited hands-free use: The Tap requires users to press a button to activate voice commands, which may not be ideal for users who want hands-free use.
- Limited Alexa skills: While Alexa offers a wide range of skills, some users have reported that the Tap does not support all of them, particularly those related to smart home control."
"
You are a professional tech reviewer.

You must write the review using ONLY the information explicitly contained in the user review excerpts below.
Do NOT add features, specifications, platform names, or capabilities that are not directly mentioned.
If something is not clearly stated in the excerpts, do not invent it.
Do not use outside knowledge about the product.

User review excerpts:
With an Income Tax Preparation practice I'm on my laptop 10 hours a day entering data. Using the laptop keyboard and mouse pad on the flat and level angle that laptops offer is stressful. An elevated keyboard serves the purpose of 'tilting' the keyboard into a natural position for typing. This AmazonBasic Ventilated and Adjustable laptop stand is perfect and produces the effect of a typewriter slant for those who grew up on IBM Selectrics or Royals. Fully adjustable for just about any angle you are comfortable with. Well made, light weight and it looks as a 'piece of the laptop' in sight. One small warning: the tabs on the front end that keep your laptop from sliding off may be a bit short for some laptops. The tabs rise only .75 of an inch (3/4). My current, and several past laptops, the front sits 1.0 inches (1) at top front but slanting down at .75 of an inch (3/4) inward. The slant keeps the tabs on the stand from holding the laptop in place - causing the laptop to slip down and off. Simple solution to this: Binder Clips. Use the medium size binder clip, one on each of the stand tabs. You can find 'binder clips' on the Amazon web site. A box is under 4 but you only need 2 medium binder clips so . . . check with a school teacher or office worker and get two for free. Other than that, the right tool at the right price. Buy one and see for yourself. You'll be glad you did. Simple in its design, with multiple angles, the mesh keeps your laptop cool, the cord keeper in back keeps organized, and the surface area is great for a 15.6 laptop. I think this would also work for a 17 laptop, but there may be a larger model for those. Check first. The only gripe I have about this unit is the two 'tabs' that keep the laptop from sliding down into your lap when adjusted up at an angle. These two tabs could benefit from being 1/2 taller than they are. This would allow a 'thicker' laptop base from 'spillage' like my Toshiba seems to occasionally do. So that is my only con for this item. I would still suggest buying it. Can't seem to say enough about this awesome stand. This allows me to utilize my laptop monitor and a second flawlessly. The cord keep on the back is great as well. I am about to purchase another monitor and with the choices of adjustment angle, this stand should place the two screens side by side perfectly for that one as well.There is no vibration through the metal as the contacts on the bottom are padded. The fan on my laptop almost never comes on even during day long uploads to the cloud due to this stand having it suspended in air on mesh.Very, very glad I made this purchase. Easily worth much more than I paid, the options for adjustment angles are ample, and lets my expensive baby run cool. Buy with confidence! Can't seem to say enough about this awesome stand. This allows me to utilize my laptop monitor and a second flawlessly. The cord keep on the back is great as well. I am about to purchase another monitor and with the choices of adjustment angle, this stand should place the two screens side by side perfectly for that one as well.There is no vibration through the metal as the contacts on the bottom are padded. The fan on my laptop almost never comes on even during day long uploads to the cloud due to this stand having it suspended in air on mesh.Very, very glad I made this purchase. Easily worth much more than I paid, the options for adjustment angles are ample, and lets my expensive baby run cool. Buy with confidence! Can't seem to say enough about this awesome stand. This allows me to utilize my laptop monitor and a second flawlessly. The cord keep on the back is great as well. I am about to purchase another monitor and with the choices of adjustment angle, this stand should place the two screens side by side perfectly for that one as well.There is no vibration through the metal as the contacts on the bottom are padded. The fan on my laptop almost never comes on even during day long uploads to the cloud due to this

Write a structured product review with the following exact sections and nothing else:

Product name: AmazonBasics Ventilated Adjustable Laptop Stand
User score (0-10 scale): 7.4
Rank in its category: 14 (1 = best position)
Brand: Amazonbasics
Category: accessories and chargers

Headline
- One single sentence summarizing the most common opinion in the reviews.

Product summary
- 2–3 sentences summarizing the overall user perception.

Key features
- 2–5 bullet points.
- Each feature must be clearly supported by information from the excerpts.
- Explain briefly why each feature matters to users.

Pros
- 2–3 bullet points.
- Must reflect explicitly positive comments found in the excerpts.

Cons
- 2–3 bullet points.
- Must reflect explicitly negative comments found in the excerpts.
- If the score is high, keep cons balanced but realistic.

Do not add any extra sections.
Do not add a concluding paragraph.
Return only the structured review.
","Product name: AmazonBasics Ventilated Adjustable Laptop Stand
User score (0-10 scale): 7.4
Rank in its category: 14

Headline
This laptop stand offers a natural typing position and keeps laptops cool, as reported by users.

Product summary
The AmazonBasics Ventilated Adjustable Laptop Stand is praised by users for its ability to improve typing comfort and cool down laptops.

Key features
- Adjustable design: Users can change the angle of the stand for a comfortable typing position.
- Elevated keyboard: The stand tilts the keyboard into a natural position for typing, reducing stress.
- Ventilated design: The mesh design keeps laptops cool by allowing air circulation.
- Multiple angles: The stand offers various angles to accommodate different user preferences.

Pros
- Improves typing comfort: Users report reduced stress and improved typing experience.
- Keeps laptops cool: The mesh design prevents laptops from overheating.
- Versatile: The adjustable design caters to different user preferences.

Cons
- Short tabs: Some users find the tabs that keep laptops from sliding off to be too short for their laptops.
- Limited compatibility: The stand may not be suitable for larger laptops.
- Inadequate height for some: The tabs may not be tall enough to hold thicker laptop bases in place."
"
You are a professional tech reviewer.

You must write the review using ONLY the information explicitly contained in the user review excerpts below.
Do NOT add features, specifications, platform names, or capabilities that are not directly mentioned.
If something is not clearly stated in the excerpts, do not invent it.
Do not use outside knowledge about the product.

User review excerpts:
I work for Nespresso so I have a lot of capsules. I absolutely LOVE the capsule drawers. So much neater than having the sleeves piled on top of each other.

Write a structured product review with the following exact sections and nothing else:

Product name: AmazonBasics Nespresso Pod Storage Drawer - 50 Capsule Capacity
User score (0-10 scale): 9.3
Rank in its category: 3 (1 = best position)
Brand: AmazonBasics
Category: accessories and chargers

Headline
- One single sentence summarizing the most common opinion in the reviews.

Product summary
- 2–3 sentences summarizing the overall user perception.

Key features
- 2–5 bullet points.
- Each feature must be clearly supported by information from the excerpts.
- Explain briefly why each feature matters to users.

Pros
- 2–3 bullet points.
- Must reflect explicitly positive comments found in the excerpts.

Cons
- 2–3 bullet points.
- Must reflect explicitly negative comments found in the excerpts.
- If the score is high, keep cons balanced but realistic.

Do not add any extra sections.
Do not add a concluding paragraph.
Return only the structured review.
","Product name: AmazonBasics Nespresso Pod Storage Drawer - 50 Capsule Capacity
User score (0-10 scale): 9.3
Rank in its category: 3

Headline
This drawer system is a game-changer for Nespresso capsule organization.

Product summary
Users who work with a large number of Nespresso capsules appreciate the neatness and efficiency of the capsule drawers.

Key features
- Holds up to 50 Nespresso capsules.
- Drawer design keeps capsules organized and easily accessible.
- Reduces clutter compared to piled capsule sleeves.

Pros
- Provides a neater solution for storing a large number of Nespresso capsules.
- Easy to access individual capsules from the drawers.

Cons
- None mentioned in the excerpts."
"
You are a professional tech reviewer.

You must write the review using ONLY the information explicitly contained in the user review excerpts below.
Do NOT add features, specifications, platform names, or capabilities that are not directly mentioned.
If something is not clearly stated in the excerpts, do not invent it.
Do not use outside knowledge about the product.

User review excerpts:
I love this tablet. I purchased them for gift and am so glad I did! Looks pretty solid will update review as soon as gift is opened . for the price this is a great works well the for the price display is hd love it Great tablet for under $100. Does not have the highest specs, but gets the job done for lite tablet users. Purchased mainly to use travelling so haven't really had the opportunity to give it a fair road test at this point. It was advertised as capable of downloading movies and books so you can watch/read while travelling without burning through your data or being hit with data roaming fees or having to purchase wifi during flights. This is my second Kindle and I love it. It's lightweight, simple, and fast. It's convenient for trips and fits in my bag without weighing it down. It's a good starter tablet, to bad it runs on the Amazon OS. I bought these as a starter online browser. It is a very portable pad . Great price. The kindle fire hd is a sweet tablet for reading and apps like netflix or hulu. this is my first tablet .. love it .. actually read my first e-book on it .. large screen, easy to read & play games .. fits nicely in my purse This tablet is great for my son. Would be nice if it had a little more horsepower This 8 inch Fire is definitely better than the cheaper 7 inch. It works fine enough for teens to play games and watch movies. I purchased this tablet and am very happy with it. The Fire HD8 strikes an excellent balance between performance and price. It has many of the features you'd want in a tablet for a fraction of the cost. Works flawlessly for reading and video streaming. Good tablet. Gave as gift and person enjoys it. Recommend The kindle is great not only is it a reader its bascially a computer. It connects to the internet it takes pictures and has many other great features. This was a gift and they love it! Its compact, they can surf the web, play games check emails etc Works well. Easy to use. I like the auto on when you open the case I bought this as a way to easily read while on the go. I'm disappointed as it's really too big too easily carry around. I've discovered it's not all that easy to use it for reading purposes It a great product..,. The quality is awesome the pictures is good and clear... Love my mine! Works great with prime! And I have all my best movies! I purchased it for my dad (70)He needed something easy to use. He really enjoys it. I bought one for my boyfriend and one for his son. It's fast and easy to use. The display is not as sharp and vivid as they say but still good. Probably better for reading than watching videos. We didn't really get it for the games, but there is a good selection. WiFi works well and internet browsing is fast. It replaces my 6"" Fire Kindle. Love the HD quality. This was replacement for my wife's original iPad and broken Kindle Paperwhite. She loves it, as it does basically everything both of the previous devices did in one unit that is easy to use, has good battery life, very nice screen resolution and good size for her. Great value, especially compared to an iPad. I purchased the kindle fire because I needed a entertainment only device for long flights. This device is the perfect size for travel and easy to use and set up with your Amazon account. It is worth purchasing a Fire tablet if you are an Amazon Prime member. If not, I would not recommend it because the available apps are limited . My only complaint about this device is that if it freezes it is difficult to reset. Owned a kindle fire HDX for GameCircle years. Finally decided Goodreads upgrade. This fire HD 8 is great. Really Prime the larger screen and new features. Loved the Fire HD7 but the latest HD8 is sharper, faster and still handles great. You can't beat the price. Great deal for what you're paying. I purchased 2 of these FIre HD tablets as gifts. They pack a lot of punch for the price. I helped set them up so I was able to get an idea of how they are going to work. The screen was v

Write a structured product review with the following exact sections and nothing else:

Product name: All-New Fire HD 8 Tablet, 8 HD Display, Wi-Fi, 16 GB - Includes Special Offers, Blue
User score (0-10 scale): 8.9
Rank in its category: 6 (1 = best position)
Brand: Amazon
Category: tablets

Headline
- One single sentence summarizing the most common opinion in the reviews.

Product summary
- 2–3 sentences summarizing the overall user perception.

Key features
- 2–5 bullet points.
- Each feature must be clearly supported by information from the excerpts.
- Explain briefly why each feature matters to users.

Pros
- 2–3 bullet points.
- Must reflect explicitly positive comments found in the excerpts.

Cons
- 2–3 bullet points.
- Must reflect explicitly negative comments found in the excerpts.
- If the score is high, keep cons balanced but realistic.

Do not add any extra sections.
Do not add a concluding paragraph.
Return only the structured review.
","Product name: All-New Fire HD 8 Tablet, 8 HD Display, Wi-Fi, 16 GB - Includes Special Offers, Blue
User score (0-10 scale): 8.9
Rank in its category: 6

Headline
This tablet is great for travel and reading, offering HD display and good performance for under $100.

Product summary
Users praise the tablet's solid build, HD display, and affordability, making it an excellent choice for light tablet use, especially for travel and reading.

Key features
- HD display: Users appreciate the tablet's high-definition display, which is suitable for reading books and watching movies.
- Affordability: The tablet is an affordable option for users, offering good value for its price.
- Portability: Its lightweight design and convenient size make it easy to carry around during travel.

Pros
- HD display: The tablet's HD display is a significant advantage for users, providing a clear and enjoyable viewing experience.
- Affordability: The tablet's affordable price point is a major selling point for many users.
- Portability: Its compact size and lightweight design make it an ideal travel companion.

Cons
- Limited horsepower: Some users have noted that the tablet lacks the processing power for more demanding tasks.
- Amazon OS: A few users have expressed disappointment with the tablet running on the Amazon OS.
- Display sharpness: Some users have noted that the display's sharpness is not as impressive as advertised."
"
You are a professional tech reviewer.

You must write the review using ONLY the information explicitly contained in the user review excerpts below.
Do NOT add features, specifications, platform names, or capabilities that are not directly mentioned.
If something is not clearly stated in the excerpts, do not invent it.
Do not use outside knowledge about the product.

User review excerpts:
Bought to use with Kindle. Works fine! Good quality and charges the kindle quickly. good Works very well! Love my kindle! Nice Works just as you'd expect. Small and compact which is nice, and charges the kindle really quickly (faster than it charges on my laptop). A little expensive for what it is, but glad I ordered this. Worked as expected. A must have item. Most buyers will have a phone or other charger that will work so you probably don't need to buy this. very good So far this product has worked great. I bought it to replace my kindle charger that was no longer charging my older kindle fire. I bought a new USB cord as well. It charges my kindle so much faster than any of the other chargers I have. I would definitely recommend this product. Great product... Met all my expectations The plug seems to be working well. I think it's the connection in my Kindle that is worn out! It's okay so far. Got one to go with my Kindle Paper white! Works great! Fine. Works as expected. Makes charging time quicker. cheap - need to constantly make sure plugged in - slightly too small - saved some bucks there - not amazon quality Very handy It worked fine however I returned everything as the Kindle was too small. Good! This charger is produced by Amazon and backed by its excellent quality control and manufacturing process. I have more than one and am glad I ordered another. You can never have too many USB chargers. Appreciate this modular option for directly charging a Kindle. If you actually paid 20 for this adapter, you're out of your mind. Have not yet received it yet, but I am sure it will be great, as I was assure if was what I would need to go with my Kindle Voyage Reader to recharge it. I am anxiously awaiting for the arrival of my reader so I can start getting books to read. Sincerely, JudieMae Perfectly packaged with that hi-tech mojo. Works as advertised I mean... it work fine, but 20 fine There's nothing special here and it's a joke that Amazon doesn't just ship a charging plug with the Kindle in the first place. You should be able to find plenty of non-OEM chargers that'll work in terms of watts and voltage for far less money, like 5. Perfect turns out this was not necessary ... being returned. It works. This is the THIRD power charger that I have HAD to buy at cost of over 30 each since my Kindle Fire purchase. Why can't the chargers last a REASONABLE amount of time When I connected this charger, I received a message saying that it was a LOW level charger it probably would not charge while the Kindle was in use. NOT ACCEPTABLE for this cost!!! Needed a new one.. the dog ate my old one Arrived intact, and works well to charge my little kindle. Pleased with my purchase.  nice, compact, shipped in the mail. works well with supplied kindle cord. This is working very well so far. I wish this came in white to match my Kindle Paperwhite What can I say about the plug....it is great. Now I have the option of using the plug to charge my Apple ipod or using my USB cord and adapter that charges my pod directly into the wall port. I do prefer the plug though. Meet my needs but feel should be supplied when actually purchasing the Oasis E-Reader. just what is needed! Delighted plus really well made product Works well Very good! Just what I needed. Perfect Takes too many time, even being Prime Necessary for recharging Voyage kindle. Too Really expected a chord with it for the price we paid. Very dissapointed. Easy to use...long cord. Yes, no problem it works great Just does what it is supposed to do, Put together well and should hold up for years. Works great, but should have been included with the purchase of the Kindle not 20 more dollars. Rapid charge is always good! Not compatible with South African plug standards. Bought this unnecessarily. Great little charger. It works well. Price was great too. Item returned. Already had this item Have had it for a week now and works great. It wasn't what I thought it was the price was too much for what 

Write a structured product review with the following exact sections and nothing else:

Product name: Amazon 5W USB Official OEM Charger and Power Adapter for Fire Tablets and Kindle eReaders,,,
Amazon 5W USB Official OEM Charger and Power Adapter for Fire Tablets and Kindle eReaders,,,
User score (0-10 scale): 6.9
Rank in its category: 19 (1 = best position)
Brand: Amazon
Category: accessories and chargers

Headline
- One single sentence summarizing the most common opinion in the reviews.

Product summary
- 2–3 sentences summarizing the overall user perception.

Key features
- 2–5 bullet points.
- Each feature must be clearly supported by information from the excerpts.
- Explain briefly why each feature matters to users.

Pros
- 2–3 bullet points.
- Must reflect explicitly positive comments found in the excerpts.

Cons
- 2–3 bullet points.
- Must reflect explicitly negative comments found in the excerpts.
- If the score is high, keep cons balanced but realistic.

Do not add any extra sections.
Do not add a concluding paragraph.
Return only the structured review.
","Product name: Amazon 5W USB Official OEM Charger and Power Adapter for Fire Tablets and Kindle eReaders

Headline
Amazon's official 5W USB charger for Fire Tablets and Kindle eReaders is a reliable and efficient solution for charging these devices.

Product summary
Users generally praise the charger for its good quality, quick charging capabilities, and compatibility with various Kindle models. However, some find it a bit expensive compared to other chargers.

Key features
- Officially licensed by Amazon for use with Fire Tablets and Kindle eReaders.
- 5W output for efficient and fast charging.
- Compact design for easy portability.

Pros
- Charges Kindle devices quickly, often faster than other chargers.
- High-quality construction ensures durability and reliability.
- Compatible with a range of Kindle models.

Cons
- Some users find it a bit pricey compared to non-OEM chargers.
- A few users have reported issues with the connection in their devices, suggesting that the problem might not be with the charger itself."
